run,type,module,name,attrname,attrvalue,value,vectime,vecvalue
General-0-20220522-21:53:48-3180,runattr,,,configname,General,,,
General-0-20220522-21:53:48-3180,runattr,,,datetime,20220522-21:53:48,,,
General-0-20220522-21:53:48-3180,runattr,,,experiment,General,,,
General-0-20220522-21:53:48-3180,runattr,,,inifile,omnetpp.ini,,,
General-0-20220522-21:53:48-3180,runattr,,,iterationvars,,,,
General-0-20220522-21:53:48-3180,runattr,,,iterationvarsf,,,,
General-0-20220522-21:53:48-3180,runattr,,,measurement,,,,
General-0-20220522-21:53:48-3180,runattr,,,network,Network,,,
General-0-20220522-21:53:48-3180,runattr,,,processid,3180,,,
General-0-20220522-21:53:48-3180,runattr,,,repetition,0,,,
General-0-20220522-21:53:48-3180,runattr,,,replication,#0,,,
General-0-20220522-21:53:48-3180,runattr,,,resultdir,results,,,
General-0-20220522-21:53:48-3180,runattr,,,runnumber,0,,,
General-0-20220522-21:53:48-3180,runattr,,,seedset,0,,,
General-0-20220522-21:53:48-3180,param,,,Network.nodeTx.gen.generationInterval,exponential(0.1),,,
General-0-20220522-21:53:48-3180,param,,,Network.**.serviceTime,exponential(0.001),,,
General-0-20220522-21:53:48-3180,param,,,Network.nodeTx.gen.packetByteSize,12500,,,
General-0-20220522-21:53:48-3180,param,,,Network.queue1.bufferSize,200,,,
General-0-20220522-21:53:48-3180,param,,,Network.queue2.bufferSize,200,,,
General-0-20220522-21:53:48-3180,param,,,Network.nodeRx.traRx.bufferSize,200,,,
General-0-20220522-21:53:48-3180,param,,,Network.nodeTx.traTx.bufferSize,200,,,
General-0-20220522-21:53:48-3180,vector,Network.nodeTx.traTx,,,,,"0.079587450457 0.169443489305 0.29503656511 0.480996986317 0.573319299464 0.768473833052 0.84719394705 1.03509035247 1.090195201137 1.187895843776 1.291711773842 1.340224590214 1.397776509902 1.433092423816 1.65544486602 1.661283332929 1.992774560922 2.024610175006 2.072970385501 2.137915020326 2.294804632088 2.46202575212 2.537293163451 2.602681420173 2.686624705463 2.736511906365 2.99633731495 3.177174241377 3.184542776924 3.225700576548 3.23481667916 3.339277929991 3.341320488831 3.387245302557 3.565994068901 3.881011061769 4.031589487633 4.046712572999 4.250743998793 4.454833220384 4.839355407298 4.903526324566 5.064050280272 5.225450487761 5.287343433724 5.360839875843 5.512493473242 5.626087367413 5.638674808357 5.766197578579 5.868340766014 5.955572885518 5.971045853568 6.048129319415 6.337571367214 6.479707835223 6.553490564399 6.564685180462 6.618241752485 6.682411222688 6.713139257903 6.733759586106 6.882585068681 7.016114087143 7.077022329461 7.101427178535 7.185460649096 7.199988451825 7.201885308745 7.241062389813 7.33720048372 7.353414132665 7.448113800382 7.473257993589 7.569212791326 7.618068496257 7.905859998385 8.138751335806 8.253265231276 8.313039838958 8.357591688463 8.452541146813 8.509994387487 8.742629493656 8.862240273602 8.87269639618 8.878907925227 9.228929293672 9.338820540427 9.444703953576 9.555763698145 9.574506304747 9.598126975355 9.642467378217 9.65627024706 9.795174516039 9.833070712467 9.926676868444 9.971887074466 10.011198330196 10.095641109549 10.09955942519 10.157291856271 10.257878956788 10.703328641406 11.022623305611 11.033386816427 11.139169457762 11.16259960964 11.263401534182 11.280992888725 11.817002923749 11.922877195258 12.010068780621 12.039276833948 12.092783301656 12.155577459755 12.219955559915 12.247983260763 12.34566966817 12.362982413785 12.404232536777 12.415928077756 12.528244907909 12.635052127624 12.673207711961 12.688078938886 12.838742472213 12.860630531864 13.159349521049 13.205350916823 13.313977854911 13.486011020683 13.487377478526 13.497591966678 13.595102160094 13.777084052022 13.889065488597 13.899168966128 14.256527803362 14.63143094932 14.841963079399 14.905196739039 14.976455098372 15.352647826822 15.358380519464 15.451228369154 15.511223057818 15.645647585033 15.647666597848 15.651664227754 15.709952066641 15.743193090737 16.132350103022 16.145155779553 16.189697725745 16.224815334683 16.290379963119 16.303018826762 16.419706179417 16.457976274303 16.670399994003 16.723888431579 16.974279609888 16.980909350036 17.005348894844 17.123267847551 17.206552199158 17.290161952355 17.490486004606 17.521327488616 17.592452282338 17.666528177383 17.915086413081 17.924951443923 18.178981894719 18.264771458826 18.27344850706 18.538374099928 18.570908141481 18.609264162891 18.610204237957 18.720288828966 18.905021594066 18.919154665422 19.02333273084 19.149326111851 19.333454359 19.367619775703 19.398371548079 19.418606591936 19.469326604262 19.557639508458 19.638119248438 19.640150494318 19.658175719516 19.834749826757 19.880922916361 19.88139357041 19.897227721033 20.01049113523 20.094799438445 20.12627160453 20.247922469874 20.380798257249 20.414832931073 20.742347248844 20.799137664192 20.827739761443 20.968842202372 21.054681499155 21.105115879814 21.194774966893 21.421148324479 21.506070405635 21.607936278637 21.633178277926 21.855328967773 22.160557133461 22.274517929814 22.333780332559 22.393418271992 22.580764259978 22.965064918302 23.085288775027 23.097641439763 23.13294345309 23.278625308946 23.446717529401 23.499789779063 23.550291653838 23.662819855522 23.875769795129 23.904510842736 23.991564425369 24.02913830961 24.242621354608 24.579058399913 24.696996693277 24.785782834321 24.914973761201 25.022757249615 25.092337195705 25.168523972835 25.481070808601 25.507276532769 25.610556233834 25.66078731366 25.715926912673 25.812372269222 25.905612557263 25.970023028095 25.97196100623 26.035473777793 26.07136649938 26.197270851106 26.305202870972 26.33916934423 26.3734293067 26.421792875359 26.518030380936 26.65632830159 26.712324408597 26.923069169092 26.937626566937 26.948481276786 26.983903690011 26.993595965469 27.077984812728 27.121687614105 27.211060521936 27.291315720512 27.376723694076 27.380144035912 27.48604497445 27.833298522378 27.938883483244 27.977596492459 28.034057542571 28.059065692069 28.285929091338 28.301158453863 28.346975742259 28.357207803744 28.414453958887 28.828234934938 29.050726400661 29.080882991983 29.244972749776 29.321980435731 29.443682385265 29.503089735097 29.51365099946 29.52413918302 29.776067396028 29.819501961622 29.944762714113 30.008108975885 30.684648027879 30.868621306387 30.884808315058 31.119826044033 31.322416925743 31.326245217031 31.343977774546 31.414969567268 31.51056620966 31.528820069848 31.542038440809 31.69302078637 31.881413675029 32.081612324582 32.246284234715 32.299284522529 32.383472618702 32.398551719721 32.45083872273 32.454217401285 32.461384939716 32.866369623596 32.985913480224 33.032640736865 33.09307064405 33.147556356864 33.275589777245 33.280781032463 33.482058306084 33.527549490563 33.898545549753 33.900222326352 34.093880050101 34.120112981018 34.12129130421 34.266070712409 34.310695994461 34.599157169671 34.730087006073 34.868716141275 34.887545638797 34.929006893063 35.002620003062 35.069866054745 35.075453060034 35.116850952301 35.139164873111 35.158947823857 35.160817370899 35.179569266019 35.33741053823 35.399670272628 35.425020843142 35.632623949186 35.674989659322 35.963444088163 36.226665974418 36.32037984619 36.442259526524 36.533055929256 36.536291609721 36.689374732348 36.707370466503 36.776690443457 36.873838659266 36.879006949846 36.965099313514 37.085196404168 37.112363211202 37.600276500001 37.872411325592 37.903508106089 37.998691076843 38.112350726369 38.189058691826 38.388775888575 38.477913746266 38.616881452644 38.74785998978 39.081653423165 39.119042072755 39.199840078095 39.250626590364 39.274501877649 39.298054334991 39.323214196302 39.34381740115 39.36850332803 39.65741088722 39.741708764761 39.876243508084 39.936411406736 40.0038358637 40.355283731754 40.381085008148 40.495198798434 40.524549563626 40.533464992626 40.539443088918 40.54525032513 40.602240081661 40.66915145403 40.706518433469 40.919385442922 41.038571253287 41.41324071467 41.460682343703 41.55682630086 41.576623074393 41.654820646481 41.657319481812 41.8501554955 41.857117262607 41.993310435038 42.107064285592 42.172187358784 42.232645480618 42.345681035209 42.422593015319 42.51599904858 42.742983050158 42.868403377167 43.332368629804 43.395761631743 43.420210733947 43.481094025321 43.589884468682 43.826776285766 43.857336775947 43.872096379236 43.874183101097 43.900218242252 44.042256587811 44.255612916558 44.294181685963 44.528966062106 44.577329900855 44.681114908404 44.769865101252 44.809122404071 44.986936737754 45.060273505071 45.159423934361 45.159429469551 45.365511593639 45.402887923021 45.434845388508 45.490262471413 45.650234415597 45.866810783684 45.887345560558 46.001251325625 46.306569792584 46.367474253855 46.483785582198 46.549835890173 46.57410773954 46.729574033321 47.024022061063 47.050086074001 47.181336873298 47.393611538692 47.422906684541 47.460549619693 47.484541971637 47.800251525779 47.873274292303 47.937093152862 47.939692927381 48.064028005176 48.087280507014 48.103967971137 48.159251808202 48.290349045018 48.337216692616 48.441137256274 48.50342018725 48.527612151727 48.560133753525 48.580769552885 48.669148118488 48.833955735804 49.033359655932 49.170827651312 49.183330910304 49.295676960259 49.368529344532 49.400949255881 49.415113459361 49.434339603445 49.560520870794 49.682420805312 49.732848798637 49.795052490545 49.87839031461 50.061916654904 50.082162531274 50.105086963795 50.120734540833 50.138761970791 50.205716029877 50.219050092204 50.262995631253 50.391038066651 50.673101661493 50.676194290649 50.821149768292 50.958584069734 51.096680379301 51.106397147138 51.340446343204 51.364966152468 51.373677010794 51.512008657409 51.592347833676 51.723910459506 51.811731967378 51.816400741742 52.143250381824 52.16671596675 52.201267925121 52.235083396605 52.262636190309 52.375728038228 52.386296755638 52.392808042117 52.394464651559 52.475578753782 52.740834605334 52.741762907772 52.852603883193 53.031602843641 53.185385715089 53.600982824645 53.634073812763 53.755642860099 53.843930914595 53.863975134104 53.870584335173 53.942408983184 54.008889758139 54.095746331286 54.475148709595 54.630049877511 54.839205534773 54.9324667203 54.973739706973 54.998381289194 55.324273386912 55.385001315774 55.411359027058 55.622447904496 55.920667972043 55.988448172249 56.272112191587 56.397835891144 56.558381767451 56.624966016115 56.724512380452 56.847800426755 57.055176573065 57.12412002685 57.158795357229 57.344938521527 57.533948691337 57.555558312996 57.651759505655 57.80018375392 57.801516278403 58.167482011479 58.210135592683 58.408410483143 58.424443892592 58.576050785575 58.976845751062 59.397031693687 59.462111427923 59.602178997619 59.670973345465 59.671378977597 59.773397686392 59.804797476198 59.850776607976 59.903623330806 59.918345834537 59.974246601536 60.14690993951 60.182269597036 60.203322925856 60.254594390119 60.326198921918 60.339056945646 60.364458083481 60.759221410237 60.794562352818 60.89153789926 61.081609970285 62.103863185557","1 1 2 3 4 4 4 3 3 3 3 4 4 5 4 5 2 3 4 4 3 3 3 3 3 4 2 2 2 3 4 4 5 5 5 2 2 3 2 1 1 1 1 1 1 1 1 1 1 1 1 1 2 2 1 1 1 2 2 2 3 4 3 3 4 4 4 5 6 7 7 8 8 9 9 9 7 6 6 6 7 7 7 6 6 7 8 5 5 5 5 6 6 7 8 7 8 8 9 9 9 10 11 11 7 5 6 6 7 7 7 3 3 3 4 4 5 5 6 6 7 7 8 8 8 9 9 9 10 8 8 8 7 8 9 9 9 8 9 7 4 3 3 4 1 2 2 2 2 3 4 4 5 2 3 3 4 4 5 5 6 5 5 4 4 5 5 5 5 4 5 5 6 4 5 4 4 5 3 4 4 5 5 4 5 5 5 4 5 5 6 7 7 7 8 9 8 8 9 10 10 10 11 11 10 11 9 9 10 10 10 10 10 9 9 9 10 9 7 7 7 7 6 4 3 4 5 5 4 4 5 5 4 4 4 5 4 2 1 1 1 1 1 2 1 1 1 2 2 2 2 3 4 4 5 4 4 5 6 6 6 6 6 5 6 7 7 8 9 9 9 9 10 11 10 8 8 9 9 10 8 9 10 11 11 8 7 8 7 7 7 7 8 9 8 8 8 8 2 2 2 1 1 1 2 3 3 3 4 4 3 2 1 2 2 3 3 4 5 2 2 2 3 3 3 4 3 3 1 2 1 2 3 2 3 1 1 1 1 2 2 2 3 4 5 6 7 7 7 7 8 7 7 6 4 4 4 4 5 4 5 5 5 6 7 6 7 3 1 2 2 2 2 1 1 1 1 1 1 1 2 3 3 4 5 6 4 4 4 4 4 2 3 2 3 4 5 6 6 7 7 6 6 3 4 4 5 5 6 5 6 5 5 6 6 6 6 7 8 9 10 11 12 13 14 15 16 17 18 19 20 21 22 23 24 25 26 27 28 29 30 31 32 33 34 35 36 37 38 39 40 41 42 43 44 45 46 47 48 49 50 51 52 53 54 55 56 57 58 59 60 61 62 63 64 65 66 67 68 69 70 71 72 73 74 75 76 77 78 79 80 81 82 83 84 85 86 87 88 89 90 91 92 93 94 95 96 97 98 99 100 101 102 103 104 105 106 107 108 109 110 111 112 113 114 115 116 117 118 119 120 121 122 123 124 125 126 127 128 129 130 131 132 133 134 135 136 137 138 139 140 141 142 143 144 145 146 147 148 149 150 151 152 153 154 155 156 157 158 159 160 161 162 163 164 165 166 167 168 169 170 171 172 173 174 175 176 177 178 179 180 181 182 183 184 185"
General-0-20220522-21:53:48-3180,vector,Network.queue1,,,,,"0.179687450457 0.779687450457 0.879687450457 0.979687450457 1.079687450457 1.179687450457 1.279687450457 1.379687450457 1.479687450457 1.579687450457 1.679687450457 1.779687450457 1.879687450457 1.979687450457 2.079687450457 2.179687450457 2.279687450457 2.379687450457 2.479687450457 2.579687450457 2.679687450457 2.779687450457 2.879687450457 2.979687450457 3.079687450457 3.179687450457 3.279687450457 3.379687450457 3.479687450457 3.579687450457 3.679687450457 3.779687450457 3.879687450457 3.979687450457 4.079687450457 4.179687450457 4.279687450457 4.379687450457 4.479687450457 4.579687450457 4.939455407298 5.039455407298 5.164150280272 5.325550487761 5.425550487761 5.525550487761 5.625550487761 5.726187367413 5.826187367413 5.926187367413 6.026187367413 6.126187367413 6.226187367413 6.326187367413 6.437671367214 6.579807835223 6.679807835223 6.779807835223 6.879807835223 6.979807835223 7.079807835223 7.179807835223 7.279807835223 7.379807835223 7.479807835223 7.579807835223 7.679807835223 7.779807835223 7.879807835223 7.979807835223 8.079807835223 8.179807835223 8.279807835223 8.379807835223 8.479807835223 8.579807835223 8.679807835223 8.779807835223 8.879807835223 8.979807835223 9.079807835223 9.179807835223 9.279807835223 9.379807835223 9.479807835223 9.579807835223 9.679807835223 9.779807835223 9.879807835223 9.979807835223 10.079807835223 10.179807835223 10.279807835223 10.379807835223 10.479807835223 10.579807835223 10.679807835223 10.779807835223 10.879807835223 10.979807835223 11.079807835223 11.179807835223 11.279807835223 11.379807835223 11.479807835223 11.579807835223 11.679807835223 11.779807835223 11.879807835223 11.979807835223 12.079807835223 12.179807835223 12.279807835223 12.379807835223 12.479807835223 12.579807835223 12.679807835223 12.779807835223 12.879807835223 12.979807835223 13.079807835223 13.179807835223 13.279807835223 13.379807835223 13.479807835223 13.579807835223 13.679807835223 13.779807835223 13.879807835223 13.979807835223 14.079807835223 14.179807835223 14.279807835223 14.379807835223 14.479807835223 14.579807835223 14.679807835223 14.779807835223 14.879807835223 14.979807835223 15.079807835223 15.179807835223 15.279807835223 15.379807835223 15.479807835223 15.579807835223 15.679807835223 15.779807835223 15.879807835223 15.979807835223 16.079807835223 16.179807835223 16.279807835223 16.379807835223 16.479807835223 16.579807835223 16.679807835223 16.779807835223 16.879807835223 16.979807835223 17.079807835223 17.179807835223 17.279807835223 17.379807835223 17.479807835223 17.579807835223 17.679807835223 17.779807835223 17.879807835223 17.979807835223 18.079807835223 18.179807835223 18.279807835223 18.379807835223 18.479807835223 18.579807835223 18.679807835223 18.779807835223 18.879807835223 18.979807835223 19.079807835223 19.179807835223 19.279807835223 19.379807835223 19.479807835223 19.579807835223 19.679807835223 19.779807835223 19.879807835223 19.979807835223 20.079807835223 20.179807835223 20.279807835223 20.379807835223 20.479807835223 20.579807835223 20.679807835223 20.779807835223 20.879807835223 20.979807835223 21.079807835223 21.179807835223 21.279807835223 21.379807835223 21.479807835223 21.579807835223 21.679807835223 21.779807835223 21.879807835223 21.979807835223 22.079807835223 22.179807835223 22.279807835223 22.379807835223 22.479807835223 22.579807835223 22.679807835223 22.779807835223 22.879807835223 22.979807835223 23.079807835223 23.179807835223 23.279807835223 23.379807835223 23.479807835223 23.579807835223 23.679807835223 23.779807835223 23.879807835223 23.979807835223 24.079807835223 24.179807835223 24.279807835223 24.379807835223 24.479807835223 24.579807835223 24.679807835223 24.779807835223 24.879807835223 24.979807835223 25.079807835223 25.179807835223 25.279807835223 25.379807835223 25.581170808601 25.681170808601 25.781170808601 25.881170808601 25.981170808601 26.081170808601 26.181170808601 26.281170808601 26.381170808601 26.481170808601 26.581170808601 26.681170808601 26.781170808601 26.881170808601 26.981170808601 27.081170808601 27.181170808601 27.281170808601 27.381170808601 27.481170808601 27.581170808601 27.681170808601 27.781170808601 27.881170808601 27.981170808601 28.081170808601 28.181170808601 28.281170808601 28.381170808601 28.481170808601 28.581170808601 28.681170808601 28.781170808601 28.881170808601 28.981170808601 29.081170808601 29.181170808601 29.281170808601 29.381170808601 29.481170808601 29.581170808601 29.681170808601 29.781170808601 29.881170808601 29.981170808601 30.081170808601 30.181170808601 30.281170808601 30.381170808601 30.481170808601 30.581170808601 30.681170808601 30.781170808601 30.881170808601 30.981170808601 31.081170808601 31.181170808601 31.281170808601 31.422516925743 31.522516925743 31.622516925743 31.722516925743 31.822516925743 31.922516925743 32.022516925743 32.122516925743 32.222516925743 32.322516925743 32.422516925743 32.522516925743 32.622516925743 32.722516925743 32.822516925743 32.922516925743 33.022516925743 33.122516925743 33.222516925743 33.322516925743 33.422516925743 33.522516925743 33.622516925743 33.722516925743 33.822516925743 33.922516925743 34.022516925743 34.122516925743 34.222516925743 34.322516925743 34.422516925743 34.522516925743 34.622516925743 34.722516925743 34.830187006073 34.968816141275 35.068816141275 35.168816141275 35.268816141275 35.368816141275 35.468816141275 35.568816141275 35.668816141275 35.768816141275 35.868816141275 35.968816141275 36.068816141275 36.168816141275 36.268816141275 36.368816141275 36.468816141275 36.568816141275 36.668816141275 36.768816141275 36.868816141275 36.968816141275 37.068816141275 37.168816141275 37.268816141275 37.368816141275 37.468816141275 37.568816141275 37.668816141275 37.768816141275 37.868816141275 37.968816141275 38.068816141275 38.168816141275 38.268816141275 38.368816141275 38.468816141275 38.568816141275 38.668816141275 38.768816141275 38.868816141275 39.181753423165 39.281753423165 39.381753423165 39.481753423165 39.581753423165 39.681753423165 39.781753423165 39.881753423165 39.981753423165 40.081753423165 40.181753423165 40.281753423165 40.381753423165 40.481753423165 40.581753423165 40.681753423165 40.781753423165 40.881753423165 40.981753423165 41.081753423165 41.181753423165 41.281753423165 41.381753423165 41.481753423165 41.581753423165 41.681753423165 41.781753423165 41.881753423165 41.981753423165 42.081753423165 42.181753423165 42.381753423165 42.481753423165","1 1 1 1 2 2 3 3 4 4 5 5 6 6 7 7 8 8 9 9 10 10 11 11 12 12 13 13 14 14 15 15 16 16 17 17 18 18 19 19 19 19 20 20 20 21 21 22 22 23 23 24 24 25 25 25 26 26 27 27 28 28 29 29 30 30 31 31 32 32 33 33 34 34 35 35 36 36 37 37 38 38 39 39 40 40 41 41 42 42 43 43 44 44 45 45 46 46 47 47 48 48 49 49 50 50 51 51 52 52 53 53 54 54 55 55 56 56 57 57 58 58 59 59 60 60 61 61 62 62 63 63 64 64 65 65 66 66 67 67 68 68 69 69 70 70 71 71 72 72 73 73 74 74 75 75 76 76 77 77 78 78 79 79 80 80 81 81 82 82 83 83 84 84 85 85 86 86 87 87 88 88 89 89 90 90 91 91 92 92 93 93 94 94 95 95 96 96 97 97 98 98 99 99 100 100 101 101 102 102 103 103 104 104 105 105 106 106 107 107 108 108 109 109 110 110 111 111 112 112 113 113 114 114 115 115 116 116 117 117 118 118 119 119 119 120 120 121 121 122 122 123 123 124 124 125 125 126 126 127 127 128 128 129 129 130 130 131 131 132 132 133 133 134 134 135 135 136 136 137 137 138 138 139 139 140 140 141 141 142 142 143 143 144 144 145 145 146 146 147 147 148 148 149 149 150 150 151 151 152 152 153 153 154 154 155 155 156 156 157 157 158 158 159 159 160 160 161 161 162 162 163 163 164 164 165 165 166 166 167 167 168 168 169 169 170 170 171 171 172 172 173 173 174 174 175 175 176 176 177 177 178 178 179 179 180 180 181 181 182 182 183 183 184 184 185 185 184 185 185 186 186 187 187 188 188 189 189 190 190 191 191 192 192 193 193 194 194 195 195 196 196 197 197 198 198 199 199 199 200"
General-0-20220522-21:53:48-3180,vector,Network.nodeRx.traRx,,,,,"0.379787450457 0.979787450457 1.179787450457 1.379787450457 1.579787450457 1.779787450457 1.979787450457 2.179787450457 2.379787450457 2.579787450457 2.779787450457 2.979787450457 3.179787450457 3.379787450457 3.579787450457 3.779787450457 3.979787450457 4.179787450457 4.379787450457 4.579787450457 4.779787450457 4.979787450457 5.179787450457 5.379787450457 5.579787450457 5.779787450457 5.979787450457 6.179787450457 6.379787450457 6.579787450457 6.779787450457 6.979787450457 7.179787450457 7.379787450457 7.579787450457 7.779787450457 7.979787450457 8.179787450457 8.379787450457 8.579787450457 8.779787450457 8.979787450457 9.179787450457 9.379787450457 9.579787450457 9.779787450457 9.979787450457 10.179787450457 10.379787450457 10.579787450457 10.779787450457 10.979787450457 11.179787450457 11.379787450457 11.579787450457 11.779787450457 11.979787450457 12.179787450457 12.379787450457 12.579787450457 12.779787450457 12.979787450457 13.179787450457 13.379787450457 13.579787450457 13.779787450457 13.979787450457 14.179787450457 14.379787450457 14.579787450457 14.779787450457 14.979787450457 15.179787450457 15.379787450457 15.579787450457 15.779787450457 15.979787450457 16.179787450457 16.379787450457 16.579787450457 16.779787450457 16.979787450457 17.179787450457 17.379787450457 17.579787450457 17.779787450457 17.979787450457 18.179787450457 18.379787450457 18.579787450457 18.779787450457 18.979787450457 19.179787450457 19.379787450457 19.579787450457 19.779787450457 19.979787450457 20.179787450457 20.379787450457 20.579787450457 20.779787450457 20.979787450457 21.179787450457 21.379787450457 21.579787450457 21.779787450457 21.979787450457 22.179787450457 22.379787450457 22.579787450457 22.779787450457 22.979787450457 23.179787450457 23.379787450457 23.579787450457 23.779787450457 23.979787450457 24.179787450457 24.379787450457 24.579787450457 24.779787450457 24.979787450457 25.179787450457 25.379787450457 25.579787450457 25.779787450457 25.979787450457 26.179787450457 26.379787450457 26.579787450457 26.779787450457 26.979787450457 27.179787450457 27.379787450457 27.579787450457 27.779787450457 27.979787450457 28.179787450457 28.379787450457 28.579787450457 28.779787450457 28.979787450457 29.179787450457 29.379787450457 29.579787450457 29.779787450457 29.979787450457 30.179787450457 30.379787450457 30.579787450457 30.779787450457 30.979787450457 31.179787450457 31.379787450457 31.579787450457 31.779787450457 31.979787450457 32.179787450457 32.379787450457 32.579787450457 32.779787450457 32.979787450457 33.179787450457 33.379787450457 33.579787450457 33.779787450457 33.979787450457 34.179787450457 34.379787450457 34.579787450457 34.779787450457 34.979787450457 35.179787450457 35.379787450457 35.579787450457 35.779787450457 35.979787450457 36.179787450457 36.379787450457 36.579787450457 36.779787450457 36.979787450457 37.179787450457 37.379787450457 37.579787450457 37.779787450457 37.979787450457 38.179787450457 38.379787450457 38.579787450457 38.779787450457 38.979787450457 39.179787450457 39.379787450457 39.579787450457 39.779787450457 39.979787450457 40.179787450457 40.379787450457 40.579787450457 40.779787450457 40.979787450457 41.179787450457 41.379787450457 41.579787450457 41.779787450457 41.979787450457 42.179787450457 42.379787450457 42.580107450457 42.780107450457 42.980107450457 43.180107450457 43.380107450457 43.580107450457 43.780107450457 43.980107450457 44.180107450457 44.380107450457 44.580107450457 44.780107450457 44.980107450457 45.180107450457 45.380107450457 45.580107450457 45.780107450457 45.980107450457 46.180107450457 46.380107450457 46.580107450457 46.780107450457 46.980107450457 47.180107450457 47.380107450457 47.580107450457 47.780107450457 47.980107450457 48.180107450457 48.380107450457 48.580107450457 48.780107450457 48.980107450457 49.180107450457 49.380107450457 49.580107450457 49.780107450457 49.980107450457 50.180107450457 50.380107450457 50.580107450457 50.780107450457 50.980107450457 51.180107450457 51.380107450457 51.580107450457 51.780107450457 51.980107450457 52.180107450457 52.380107450457 52.580107450457 52.780107450457 52.980107450457 53.180107450457 53.380107450457 53.580107450457 53.780107450457 53.980107450457 54.180107450457 54.380107450457 54.580107450457 54.780107450457 54.980107450457 55.180107450457 55.380107450457 55.580107450457 55.780107450457 55.980107450457 56.180107450457 56.380107450457 56.580107450457 56.780107450457 56.980107450457 57.180107450457 57.380107450457 57.580107450457 57.780107450457 57.980107450457 58.180107450457 58.380107450457 58.580107450457 58.780107450457 58.980107450457 59.180107450457 59.380107450457 59.580107450457 59.780107450457 59.980107450457 60.180107450457 60.380107450457 60.580107450457 60.780107450457 60.980107450457 61.180107450457 61.380107450457 61.580107450457 61.780107450457 61.980107450457 62.180107450457 62.380107450457 62.580107450457 62.780107450457 62.980107450457 63.180107450457 63.380107450457 63.580107450457 63.780107450457 63.980107450457 64.180107450457 64.380107450457 64.580107450457 64.780107450457 64.980107450457 65.180107450457 65.380107450457 65.580107450457 65.780107450457 65.980107450457 66.180107450457 66.380107450457 66.580107450457 66.780107450457 66.980107450457 67.180107450457 67.380107450457 67.580107450457 67.780107450457 67.980107450457 68.180107450457 68.380107450457 68.580107450457 68.780107450457 68.980107450457 69.180107450457 69.380107450457 69.580107450457 69.780107450457 69.980107450457 70.180107450457 70.380107450457 70.580107450457 70.780107450457 70.980107450457 71.180107450457 71.380107450457 71.580107450457 71.780107450457 71.980107450457 72.180107450457 72.380107450457 72.580107450457 72.780107450457 72.980107450457 73.180107450457 73.380107450457 73.580107450457 73.780107450457 73.980107450457 74.180107450457 74.380107450457 74.580107450457 74.780107450457 74.980107450457 75.180107450457 75.380107450457 75.580107450457 75.780107450457 75.980107450457 76.180107450457 76.380107450457 76.580107450457 76.780107450457 76.980107450457 77.180107450457 77.380107450457 77.580107450457 77.780107450457 77.980107450457 78.180107450457 78.380107450457 78.580107450457 78.780107450457 78.980107450457 79.180107450457 79.380107450457 79.580107450457 79.780107450457 79.980107450457 80.180107450457 80.380107450457 80.580107450457 80.780107450457 80.980107450457 81.180107450457 81.380107450457 81.580107450457 81.780107450457 81.980107450457 82.180107450457 82.380107450457 82.580107450457","1 1 1 1 1 1 1 1 1 1 1 1 1 1 1 1 1 1 1 1 1 1 1 1 1 1 1 1 1 1 1 1 1 1 1 1 1 1 1 1 1 1 1 1 1 1 1 1 1 1 1 1 1 1 1 1 1 1 1 1 1 1 1 1 1 1 1 1 1 1 1 1 1 1 1 1 1 1 1 1 1 1 1 1 1 1 1 1 1 1 1 1 1 1 1 1 1 1 1 1 1 1 1 1 1 1 1 1 1 1 1 1 1 1 1 1 1 1 1 1 1 1 1 1 1 1 1 1 1 1 1 1 1 1 1 1 1 1 1 1 1 1 1 1 1 1 1 1 1 1 1 1 1 1 1 1 1 1 1 1 1 1 1 1 1 1 1 1 1 1 1 1 1 1 1 1 1 1 1 1 1 1 1 1 1 1 1 1 1 1 1 1 1 1 1 1 1 1 1 1 1 1 1 1 1 1 1 1 1 1 1 1 1 1 1 1 1 1 1 1 1 1 1 1 1 1 1 1 1 1 1 1 1 1 1 1 1 1 1 1 1 1 1 1 1 1 1 1 1 1 1 1 1 1 1 1 1 1 1 1 1 1 1 1 1 1 1 1 1 1 1 1 1 1 1 1 1 1 1 1 1 1 1 1 1 1 1 1 1 1 1 1 1 1 1 1 1 1 1 1 1 1 1 1 1 1 1 1 1 1 1 1 1 1 1 1 1 1 1 1 1 1 1 1 1 1 1 1 1 1 1 1 1 1 1 1 1 1 1 1 1 1 1 1 1 1 1 1 1 1 1 1 1 1 1 1 1 1 1 1 1 1 1 1 1 1 1 1 1 1 1 1 1 1 1 1 1 1 1 1 1 1 1 1 1 1 1 1 1 1 1 1 1 1 1 1 1 1 1 1 1 1 1 1 1 1 1 1 1 1"
General-0-20220522-21:53:48-3180,vector,Network.queue2,,,,,"0.379787450457 0.379787450457 0.479787450457 0.979787450457 0.979787450457 1.079787450457 1.179787450457 1.179787450457 1.279787450457 1.379787450457 1.379787450457 1.479787450457 1.579787450457 1.579787450457 1.679787450457 1.779787450457 1.779787450457 1.879787450457 1.979787450457 1.979787450457 2.079787450457 2.179787450457 2.179787450457 2.279787450457 2.379787450457 2.379787450457 2.479787450457 2.579787450457 2.579787450457 2.679787450457 2.779787450457 2.779787450457 2.879787450457 2.979787450457 2.979787450457 3.079787450457 3.179787450457 3.179787450457 3.279787450457 3.379787450457 3.379787450457 3.479787450457 3.579787450457 3.579787450457 3.679787450457 3.779787450457 3.779787450457 3.879787450457 3.979787450457 3.979787450457 4.079787450457 4.179787450457 4.179787450457 4.279787450457 4.379787450457 4.379787450457 4.479787450457 4.579787450457 4.579787450457 4.679787450457 4.779787450457 4.779787450457 4.879787450457 4.979787450457 4.979787450457 5.079787450457 5.179787450457 5.179787450457 5.279787450457 5.379787450457 5.379787450457 5.479787450457 5.579787450457 5.579787450457 5.679787450457 5.779787450457 5.779787450457 5.879787450457 5.979787450457 5.979787450457 6.079787450457 6.179787450457 6.179787450457 6.279787450457 6.379787450457 6.379787450457 6.479787450457 6.579787450457 6.579787450457 6.679787450457 6.779787450457 6.779787450457 6.879787450457 6.979787450457 6.979787450457 7.079787450457 7.179787450457 7.179787450457 7.279787450457 7.379787450457 7.379787450457 7.479787450457 7.579787450457 7.579787450457 7.679787450457 7.779787450457 7.779787450457 7.879787450457 7.979787450457 7.979787450457 8.079787450457 8.179787450457 8.179787450457 8.279787450457 8.379787450457 8.379787450457 8.479787450457 8.579787450457 8.579787450457 8.679787450457 8.779787450457 8.779787450457 8.879787450457 8.979787450457 8.979787450457 9.079787450457 9.179787450457 9.179787450457 9.279787450457 9.379787450457 9.379787450457 9.479787450457 9.579787450457 9.579787450457 9.679787450457 9.779787450457 9.779787450457 9.879787450457 9.979787450457 9.979787450457 10.079787450457 10.179787450457 10.179787450457 10.279787450457 10.379787450457 10.379787450457 10.479787450457 10.579787450457 10.579787450457 10.679787450457 10.779787450457 10.779787450457 10.879787450457 10.979787450457 10.979787450457 11.079787450457 11.179787450457 11.179787450457 11.279787450457 11.379787450457 11.379787450457 11.479787450457 11.579787450457 11.579787450457 11.679787450457 11.779787450457 11.779787450457 11.879787450457 11.979787450457 11.979787450457 12.079787450457 12.179787450457 12.179787450457 12.279787450457 12.379787450457 12.379787450457 12.479787450457 12.579787450457 12.579787450457 12.679787450457 12.779787450457 12.779787450457 12.879787450457 12.979787450457 12.979787450457 13.079787450457 13.179787450457 13.179787450457 13.279787450457 13.379787450457 13.379787450457 13.479787450457 13.579787450457 13.579787450457 13.679787450457 13.779787450457 13.779787450457 13.879787450457 13.979787450457 13.979787450457 14.079787450457 14.179787450457 14.179787450457 14.279787450457 14.379787450457 14.379787450457 14.479787450457 14.579787450457 14.579787450457 14.679787450457 14.779787450457 14.779787450457 14.879787450457 14.979787450457 14.979787450457 15.079787450457 15.179787450457 15.179787450457 15.279787450457 15.379787450457 15.379787450457 15.479787450457 15.579787450457 15.579787450457 15.679787450457 15.779787450457 15.779787450457 15.879787450457 15.979787450457 15.979787450457 16.079787450457 16.179787450457 16.179787450457 16.279787450457 16.379787450457 16.379787450457 16.479787450457 16.579787450457 16.579787450457 16.679787450457 16.779787450457 16.779787450457 16.879787450457 16.979787450457 16.979787450457 17.079787450457 17.179787450457 17.179787450457 17.279787450457 17.379787450457 17.379787450457 17.479787450457 17.579787450457 17.579787450457 17.679787450457 17.779787450457 17.779787450457 17.879787450457 17.979787450457 17.979787450457 18.079787450457 18.179787450457 18.179787450457 18.279787450457 18.379787450457 18.379787450457 18.479787450457 18.579787450457 18.579787450457 18.679787450457 18.779787450457 18.779787450457 18.879787450457 18.979787450457 18.979787450457 19.079787450457 19.179787450457 19.179787450457 19.279787450457 19.379787450457 19.379787450457 19.479787450457 19.579787450457 19.579787450457 19.679787450457 19.779787450457 19.779787450457 19.879787450457 19.979787450457 19.979787450457 20.079787450457 20.179787450457 20.179787450457 20.279787450457 20.379787450457 20.379787450457 20.479787450457 20.579787450457 20.579787450457 20.679787450457 20.779787450457 20.779787450457 20.879787450457 20.979787450457 20.979787450457 21.079787450457 21.179787450457 21.179787450457 21.279787450457 21.379787450457 21.379787450457 21.479787450457 21.579787450457 21.579787450457 21.679787450457 21.779787450457 21.779787450457 21.879787450457 21.979787450457 21.979787450457 22.079787450457 22.179787450457 22.179787450457 22.279787450457 22.379787450457 22.379787450457 22.479787450457 22.579787450457 22.579787450457 22.679787450457 22.779787450457 22.779787450457 22.879787450457 22.979787450457 22.979787450457 23.079787450457 23.179787450457 23.179787450457 23.279787450457 23.379787450457 23.379787450457 23.479787450457 23.579787450457 23.579787450457 23.679787450457 23.779787450457 23.779787450457 23.879787450457 23.979787450457 23.979787450457 24.079787450457 24.179787450457 24.179787450457 24.279787450457 24.379787450457 24.379787450457 24.479787450457 24.579787450457 24.579787450457 24.679787450457 24.779787450457 24.779787450457 24.879787450457 24.979787450457 24.979787450457 25.079787450457 25.179787450457 25.179787450457 25.279787450457 25.379787450457 25.379787450457 25.479787450457 25.579787450457 25.579787450457 25.679787450457 25.779787450457 25.779787450457 25.879787450457 25.979787450457 25.979787450457 26.079787450457 26.179787450457 26.179787450457 26.279787450457 26.379787450457 26.379787450457 26.479787450457 26.579787450457 26.579787450457 26.679787450457 26.779787450457 26.779787450457 26.879787450457 26.979787450457 26.979787450457 27.079787450457 27.179787450457 27.179787450457 27.279787450457 27.379787450457 27.379787450457 27.479787450457 27.579787450457 27.579787450457 27.679787450457 27.779787450457 27.779787450457 27.879787450457 27.979787450457 27.979787450457 28.079787450457 28.179787450457 28.179787450457 28.279787450457 28.379787450457 28.379787450457 28.479787450457 28.579787450457 28.579787450457 28.679787450457 28.779787450457 28.779787450457 28.879787450457 28.979787450457 28.979787450457 29.079787450457 29.179787450457 29.179787450457 29.279787450457 29.379787450457 29.379787450457 29.479787450457 29.579787450457 29.579787450457 29.679787450457 29.779787450457 29.779787450457 29.879787450457 29.979787450457 29.979787450457 30.079787450457 30.179787450457 30.179787450457 30.279787450457 30.379787450457 30.379787450457 30.479787450457 30.579787450457 30.579787450457 30.679787450457 30.779787450457 30.779787450457 30.879787450457 30.979787450457 30.979787450457 31.079787450457 31.179787450457 31.179787450457 31.279787450457 31.379787450457 31.379787450457 31.479787450457 31.579787450457 31.579787450457 31.679787450457 31.779787450457 31.779787450457 31.879787450457 31.979787450457 31.979787450457 32.079787450457 32.179787450457 32.179787450457 32.279787450457 32.379787450457 32.379787450457 32.479787450457 32.579787450457 32.579787450457 32.679787450457 32.779787450457 32.779787450457 32.879787450457 32.979787450457 32.979787450457 33.079787450457 33.179787450457 33.179787450457 33.279787450457 33.379787450457 33.379787450457 33.479787450457 33.579787450457 33.579787450457 33.679787450457 33.779787450457 33.779787450457 33.879787450457 33.979787450457 33.979787450457 34.079787450457 34.179787450457 34.179787450457 34.279787450457 34.379787450457 34.379787450457 34.479787450457 34.579787450457 34.579787450457 34.679787450457 34.779787450457 34.779787450457 34.879787450457 34.979787450457 34.979787450457 35.079787450457 35.179787450457 35.179787450457 35.279787450457 35.379787450457 35.379787450457 35.479787450457 35.579787450457 35.579787450457 35.679787450457 35.779787450457 35.779787450457 35.879787450457 35.979787450457 35.979787450457 36.079787450457 36.179787450457 36.179787450457 36.279787450457 36.379787450457 36.379787450457 36.479787450457 36.579787450457 36.579787450457 36.679787450457 36.779787450457 36.779787450457 36.879787450457 36.979787450457 36.979787450457 37.079787450457 37.179787450457 37.179787450457 37.279787450457 37.379787450457 37.379787450457 37.479787450457 37.579787450457 37.579787450457 37.679787450457 37.779787450457 37.779787450457 37.879787450457 37.979787450457 37.979787450457 38.079787450457 38.179787450457 38.179787450457 38.279787450457 38.379787450457 38.379787450457 38.479787450457 38.579787450457 38.579787450457 38.679787450457 38.779787450457 38.779787450457 38.879787450457 38.979787450457 38.979787450457 39.079787450457 39.179787450457 39.179787450457 39.279787450457 39.379787450457 39.379787450457 39.479787450457 39.579787450457 39.579787450457 39.679787450457 39.779787450457 39.779787450457 39.879787450457 39.979787450457 39.979787450457 40.079787450457 40.179787450457 40.179787450457 40.279787450457 40.379787450457 40.379787450457 40.479787450457 40.579787450457 40.579787450457 40.679787450457 40.779787450457 40.779787450457 40.879787450457 40.979787450457 40.979787450457 41.079787450457 41.179787450457 41.179787450457 41.279787450457 41.379787450457 41.379787450457 41.479787450457 41.579787450457 41.579787450457 41.679787450457 41.779787450457 41.779787450457 41.879787450457 41.979787450457 41.979787450457 42.079787450457 42.179787450457 42.179787450457 42.279787450457 42.379787450457 42.379787450457 42.479787450457 42.580107450457 42.580107450457 42.680107450457 42.780107450457 42.780107450457 42.880107450457 42.980107450457 42.980107450457 43.080107450457 43.180107450457 43.180107450457 43.280107450457 43.380107450457 43.380107450457 43.480107450457 43.580107450457 43.580107450457 43.680107450457 43.780107450457 43.780107450457 43.880107450457 43.980107450457 43.980107450457 44.080107450457 44.180107450457 44.180107450457 44.280107450457 44.380107450457 44.380107450457 44.480107450457 44.580107450457 44.580107450457 44.680107450457 44.780107450457 44.780107450457 44.880107450457 44.980107450457 44.980107450457 45.080107450457 45.180107450457 45.180107450457 45.280107450457 45.380107450457 45.380107450457 45.480107450457 45.580107450457 45.580107450457 45.680107450457 45.780107450457 45.780107450457 45.880107450457 45.980107450457 45.980107450457 46.080107450457 46.180107450457 46.180107450457 46.280107450457 46.380107450457 46.380107450457 46.480107450457 46.580107450457 46.580107450457 46.680107450457 46.780107450457 46.780107450457 46.880107450457 46.980107450457 46.980107450457 47.080107450457 47.180107450457 47.180107450457 47.280107450457 47.380107450457 47.380107450457 47.480107450457 47.580107450457 47.580107450457 47.680107450457 47.780107450457 47.780107450457 47.880107450457 47.980107450457 47.980107450457 48.080107450457 48.180107450457 48.180107450457 48.280107450457 48.380107450457 48.380107450457 48.480107450457 48.580107450457 48.580107450457 48.680107450457 48.780107450457 48.780107450457 48.880107450457 48.980107450457 48.980107450457 49.080107450457 49.180107450457 49.180107450457 49.280107450457 49.380107450457 49.380107450457 49.480107450457 49.580107450457 49.580107450457 49.680107450457 49.780107450457 49.780107450457 49.880107450457 49.980107450457 49.980107450457 50.080107450457 50.180107450457 50.180107450457 50.280107450457 50.380107450457 50.380107450457 50.480107450457 50.580107450457 50.580107450457 50.680107450457 50.780107450457 50.780107450457 50.880107450457 50.980107450457 50.980107450457 51.080107450457 51.180107450457 51.180107450457 51.280107450457 51.380107450457 51.380107450457 51.480107450457 51.580107450457 51.580107450457 51.680107450457 51.780107450457 51.780107450457 51.880107450457 51.980107450457 51.980107450457 52.080107450457 52.180107450457 52.180107450457 52.280107450457 52.380107450457 52.380107450457 52.480107450457 52.580107450457 52.580107450457 52.680107450457 52.780107450457 52.780107450457 52.880107450457 52.980107450457 52.980107450457 53.080107450457 53.180107450457 53.180107450457 53.280107450457 53.380107450457 53.380107450457 53.480107450457 53.580107450457 53.580107450457 53.680107450457 53.780107450457 53.780107450457 53.880107450457 53.980107450457 53.980107450457 54.080107450457 54.180107450457 54.180107450457 54.280107450457 54.380107450457 54.380107450457 54.480107450457 54.580107450457 54.580107450457 54.680107450457 54.780107450457 54.780107450457 54.880107450457 54.980107450457 54.980107450457 55.080107450457 55.180107450457 55.180107450457 55.280107450457 55.380107450457 55.380107450457 55.480107450457 55.580107450457 55.580107450457 55.680107450457 55.780107450457 55.780107450457 55.880107450457 55.980107450457 55.980107450457 56.080107450457 56.180107450457 56.180107450457 56.280107450457 56.380107450457 56.380107450457 56.480107450457 56.580107450457 56.580107450457 56.680107450457 56.780107450457 56.780107450457 56.880107450457 56.980107450457 56.980107450457 57.080107450457 57.180107450457 57.180107450457 57.280107450457 57.380107450457 57.380107450457 57.480107450457 57.580107450457 57.580107450457 57.680107450457 57.780107450457 57.780107450457 57.880107450457 57.980107450457 57.980107450457 58.080107450457 58.180107450457 58.180107450457 58.280107450457 58.380107450457 58.380107450457 58.480107450457 58.580107450457 58.580107450457 58.680107450457 58.780107450457 58.780107450457 58.880107450457 58.980107450457 58.980107450457 59.080107450457 59.180107450457 59.180107450457 59.280107450457 59.380107450457 59.380107450457 59.480107450457 59.580107450457 59.580107450457 59.680107450457 59.780107450457 59.780107450457 59.880107450457 59.980107450457 59.980107450457 60.080107450457 60.180107450457 60.180107450457 60.280107450457 60.380107450457 60.380107450457 60.480107450457 60.580107450457 60.580107450457 60.680107450457 60.780107450457 60.780107450457 60.880107450457 60.980107450457 60.980107450457 61.080107450457 61.180107450457 61.180107450457 61.280107450457 61.380107450457 61.380107450457 61.480107450457 61.580107450457 61.580107450457 61.680107450457 61.780107450457 61.780107450457 61.880107450457 61.980107450457 61.980107450457 62.080107450457 62.180107450457 62.180107450457 62.280107450457 62.380107450457 62.380107450457 62.480107450457 62.580107450457 62.580107450457 62.680107450457 62.780107450457 62.780107450457 62.880107450457 62.980107450457 62.980107450457 63.080107450457 63.180107450457 63.180107450457 63.280107450457 63.380107450457 63.380107450457 63.480107450457 63.580107450457 63.580107450457 63.680107450457 63.780107450457 63.780107450457 63.880107450457 63.980107450457 63.980107450457 64.080107450457 64.180107450457 64.180107450457 64.280107450457 64.380107450457 64.380107450457 64.480107450457 64.580107450457 64.580107450457 64.680107450457 64.780107450457 64.780107450457 64.880107450457 64.980107450457 64.980107450457 65.080107450457 65.180107450457 65.180107450457 65.280107450457 65.380107450457 65.380107450457 65.480107450457 65.580107450457 65.580107450457 65.680107450457 65.780107450457 65.780107450457 65.880107450457 65.980107450457 65.980107450457 66.080107450457 66.180107450457 66.180107450457 66.280107450457 66.380107450457 66.380107450457 66.480107450457 66.580107450457 66.580107450457 66.680107450457 66.780107450457 66.780107450457 66.880107450457 66.980107450457 66.980107450457 67.080107450457 67.180107450457 67.180107450457 67.280107450457 67.380107450457 67.380107450457 67.480107450457 67.580107450457 67.580107450457 67.680107450457 67.780107450457 67.780107450457 67.880107450457 67.980107450457 67.980107450457 68.080107450457 68.180107450457 68.180107450457 68.280107450457 68.380107450457 68.380107450457 68.480107450457 68.580107450457 68.580107450457 68.680107450457 68.780107450457 68.780107450457 68.880107450457 68.980107450457 68.980107450457 69.080107450457 69.180107450457 69.180107450457 69.280107450457 69.380107450457 69.380107450457 69.480107450457 69.580107450457 69.580107450457 69.680107450457 69.780107450457 69.780107450457 69.880107450457 69.980107450457 69.980107450457 70.080107450457 70.180107450457 70.180107450457 70.280107450457 70.380107450457 70.380107450457 70.480107450457 70.580107450457 70.580107450457 70.680107450457 70.780107450457 70.780107450457 70.880107450457 70.980107450457 70.980107450457 71.080107450457 71.180107450457 71.180107450457 71.280107450457 71.380107450457 71.380107450457 71.480107450457 71.580107450457 71.580107450457 71.680107450457 71.780107450457 71.780107450457 71.880107450457 71.980107450457 71.980107450457 72.080107450457 72.180107450457 72.180107450457 72.280107450457 72.380107450457 72.380107450457 72.480107450457 72.580107450457 72.580107450457 72.680107450457 72.780107450457 72.780107450457 72.880107450457 72.980107450457 72.980107450457 73.080107450457 73.180107450457 73.180107450457 73.280107450457 73.380107450457 73.380107450457 73.480107450457 73.580107450457 73.580107450457 73.680107450457 73.780107450457 73.780107450457 73.880107450457 73.980107450457 73.980107450457 74.080107450457 74.180107450457 74.180107450457 74.280107450457 74.380107450457 74.380107450457 74.480107450457 74.580107450457 74.580107450457 74.680107450457 74.780107450457 74.780107450457 74.880107450457 74.980107450457 74.980107450457 75.080107450457 75.180107450457 75.180107450457 75.280107450457 75.380107450457 75.380107450457 75.480107450457 75.580107450457 75.580107450457 75.680107450457 75.780107450457 75.780107450457 75.880107450457 75.980107450457 75.980107450457 76.080107450457 76.180107450457 76.180107450457 76.280107450457 76.380107450457 76.380107450457 76.480107450457 76.580107450457 76.580107450457 76.680107450457 76.780107450457 76.780107450457 76.880107450457 76.980107450457 76.980107450457 77.080107450457 77.180107450457 77.180107450457 77.280107450457 77.380107450457 77.380107450457 77.480107450457 77.580107450457 77.580107450457 77.680107450457 77.780107450457 77.780107450457 77.880107450457 77.980107450457 77.980107450457 78.080107450457 78.180107450457 78.180107450457 78.280107450457 78.380107450457 78.380107450457 78.480107450457 78.580107450457 78.580107450457 78.680107450457 78.780107450457 78.780107450457 78.880107450457 78.980107450457 78.980107450457 79.080107450457 79.180107450457 79.180107450457 79.280107450457 79.380107450457 79.380107450457 79.480107450457 79.580107450457 79.580107450457 79.680107450457 79.780107450457 79.780107450457 79.880107450457 79.980107450457 79.980107450457 80.080107450457 80.180107450457 80.180107450457 80.280107450457 80.380107450457 80.380107450457 80.480107450457 80.580107450457 80.580107450457 80.680107450457 80.780107450457 80.780107450457 80.880107450457 80.980107450457 80.980107450457 81.080107450457 81.180107450457 81.180107450457 81.280107450457 81.380107450457 81.380107450457 81.480107450457 81.580107450457 81.580107450457 81.680107450457 81.780107450457 81.780107450457 81.880107450457 81.980107450457 81.980107450457 82.080107450457 82.180107450457 82.180107450457 82.280107450457 82.380107450457 82.380107450457 82.480107450457 82.580107450457 82.580107450457 82.680107450457","1 2 1 1 2 1 1 2 1 1 2 1 1 2 1 1 2 1 1 2 1 1 2 1 1 2 1 1 2 1 1 2 1 1 2 1 1 2 1 1 2 1 1 2 1 1 2 1 1 2 1 1 2 1 1 2 1 1 2 1 1 2 1 1 2 1 1 2 1 1 2 1 1 2 1 1 2 1 1 2 1 1 2 1 1 2 1 1 2 1 1 2 1 1 2 1 1 2 1 1 2 1 1 2 1 1 2 1 1 2 1 1 2 1 1 2 1 1 2 1 1 2 1 1 2 1 1 2 1 1 2 1 1 2 1 1 2 1 1 2 1 1 2 1 1 2 1 1 2 1 1 2 1 1 2 1 1 2 1 1 2 1 1 2 1 1 2 1 1 2 1 1 2 1 1 2 1 1 2 1 1 2 1 1 2 1 1 2 1 1 2 1 1 2 1 1 2 1 1 2 1 1 2 1 1 2 1 1 2 1 1 2 1 1 2 1 1 2 1 1 2 1 1 2 1 1 2 1 1 2 1 1 2 1 1 2 1 1 2 1 1 2 1 1 2 1 1 2 1 1 2 1 1 2 1 1 2 1 1 2 1 1 2 1 1 2 1 1 2 1 1 2 1 1 2 1 1 2 1 1 2 1 1 2 1 1 2 1 1 2 1 1 2 1 1 2 1 1 2 1 1 2 1 1 2 1 1 2 1 1 2 1 1 2 1 1 2 1 1 2 1 1 2 1 1 2 1 1 2 1 1 2 1 1 2 1 1 2 1 1 2 1 1 2 1 1 2 1 1 2 1 1 2 1 1 2 1 1 2 1 1 2 1 1 2 1 1 2 1 1 2 1 1 2 1 1 2 1 1 2 1 1 2 1 1 2 1 1 2 1 1 2 1 1 2 1 1 2 1 1 2 1 1 2 1 1 2 1 1 2 1 1 2 1 1 2 1 1 2 1 1 2 1 1 2 1 1 2 1 1 2 1 1 2 1 1 2 1 1 2 1 1 2 1 1 2 1 1 2 1 1 2 1 1 2 1 1 2 1 1 2 1 1 2 1 1 2 1 1 2 1 1 2 1 1 2 1 1 2 1 1 2 1 1 2 1 1 2 1 1 2 1 1 2 1 1 2 1 1 2 1 1 2 1 1 2 1 1 2 1 1 2 1 1 2 1 1 2 1 1 2 1 1 2 1 1 2 1 1 2 1 1 2 1 1 2 1 1 2 1 1 2 1 1 2 1 1 2 1 1 2 1 1 2 1 1 2 1 1 2 1 1 2 1 1 2 1 1 2 1 1 2 1 1 2 1 1 2 1 1 2 1 1 2 1 1 2 1 1 2 1 1 2 1 1 2 1 1 2 1 1 2 1 1 2 1 1 2 1 1 2 1 1 2 1 1 2 1 1 2 1 1 2 1 1 2 1 1 2 1 1 2 1 1 2 1 1 2 1 1 2 1 1 2 1 1 2 1 1 2 1 1 2 1 1 2 1 1 2 1 1 2 1 1 2 1 1 2 1 1 2 1 1 2 1 1 2 1 1 2 1 1 2 1 1 2 1 1 2 1 1 2 1 1 2 1 1 2 1 1 2 1 1 2 1 1 2 1 1 2 1 1 2 1 1 2 1 1 2 1 1 2 1 1 2 1 1 2 1 1 2 1 1 2 1 1 2 1 1 2 1 1 2 1 1 2 1 1 2 1 1 2 1 1 2 1 1 2 1 1 2 1 1 2 1 1 2 1 1 2 1 1 2 1 1 2 1 1 2 1 1 2 1 1 2 1 1 2 1 1 2 1 1 2 1 1 2 1 1 2 1 1 2 1 1 2 1 1 2 1 1 2 1 1 2 1 1 2 1 1 2 1 1 2 1 1 2 1 1 2 1 1 2 1 1 2 1 1 2 1 1 2 1 1 2 1 1 2 1 1 2 1 1 2 1 1 2 1 1 2 1 1 2 1 1 2 1 1 2 1 1 2 1 1 2 1 1 2 1 1 2 1 1 2 1 1 2 1 1 2 1 1 2 1 1 2 1 1 2 1 1 2 1 1 2 1 1 2 1 1 2 1 1 2 1 1 2 1 1 2 1 1 2 1 1 2 1 1 2 1 1 2 1 1 2 1 1 2 1 1 2 1 1 2 1 1 2 1 1 2 1 1 2 1 1 2 1 1 2 1 1 2 1 1 2 1 1 2 1 1 2 1 1 2 1 1 2 1 1 2 1 1 2 1 1 2 1 1 2 1 1 2 1 1 2 1 1 2 1 1 2 1 1 2 1 1 2 1 1 2 1 1 2 1 1 2 1 1 2 1 1 2 1 1 2 1 1 2 1 1 2 1 1 2 1 1 2 1 1 2 1 1 2 1 1 2 1 1 2 1 1 2 1 1 2 1 1 2 1 1 2 1 1 2 1 1 2 1 1 2 1 1 2 1 1 2 1 1 2 1 1 2 1 1 2 1 1 2 1 1 2 1 1 2 1 1 2 1 1 2 1 1 2 1 1 2 1 1 2 1 1 2 1 1 2 1 1 2 1 1 2 1 1 2 1 1 2 1 1 2 1 1 2 1 1 2 1 1 2 1 1 2 1 1 2 1 1 2 1 1 2 1 1 2 1 1 2 1 1 2 1 1 2 1 1 2 1 1 2 1 1 2 1 1 2 1 1 2 1 1 2 1 1 2 1 1 2 1 1 2 1 1 2 1 1 2 1 1 2 1 1 2 1 1 2 1 1 2 1 1 2 1 1 2 1 1 2 1 1 2 1 1 2 1 1 2 1 1 2 1"
General-0-20220522-21:53:48-3180,vector,Network.nodeRx.sink,Delay,,,,"0.479787450457 1.079787450457 1.279787450457 1.479787450457 1.679787450457 1.879787450457 2.079787450457 2.279787450457 2.479787450457 2.679787450457 2.879787450457 3.079787450457 3.279787450457 3.479787450457 3.679787450457 3.879787450457 4.079787450457 4.279787450457 4.479787450457 4.679787450457 4.879787450457 5.079787450457 5.279787450457 5.479787450457 5.679787450457 5.879787450457 6.079787450457 6.279787450457 6.479787450457 6.679787450457 6.879787450457 7.079787450457 7.279787450457 7.479787450457 7.679787450457 7.879787450457 8.079787450457 8.279787450457 8.479787450457 8.679787450457 8.879787450457 9.079787450457 9.279787450457 9.479787450457 9.679787450457 9.879787450457 10.079787450457 10.279787450457 10.479787450457 10.679787450457 10.879787450457 11.079787450457 11.279787450457 11.479787450457 11.679787450457 11.879787450457 12.079787450457 12.279787450457 12.479787450457 12.679787450457 12.879787450457 13.079787450457 13.279787450457 13.479787450457 13.679787450457 13.879787450457 14.079787450457 14.279787450457 14.479787450457 14.679787450457 14.879787450457 15.079787450457 15.279787450457 15.479787450457 15.679787450457 15.879787450457 16.079787450457 16.279787450457 16.479787450457 16.679787450457 16.879787450457 17.079787450457 17.279787450457 17.479787450457 17.679787450457 17.879787450457 18.079787450457 18.279787450457 18.479787450457 18.679787450457 18.879787450457 19.079787450457 19.279787450457 19.479787450457 19.679787450457 19.879787450457 20.079787450457 20.279787450457 20.479787450457 20.679787450457 20.879787450457 21.079787450457 21.279787450457 21.479787450457 21.679787450457 21.879787450457 22.079787450457 22.279787450457 22.479787450457 22.679787450457 22.879787450457 23.079787450457 23.279787450457 23.479787450457 23.679787450457 23.879787450457 24.079787450457 24.279787450457 24.479787450457 24.679787450457 24.879787450457 25.079787450457 25.279787450457 25.479787450457 25.679787450457 25.879787450457 26.079787450457 26.279787450457 26.479787450457 26.679787450457 26.879787450457 27.079787450457 27.279787450457 27.479787450457 27.679787450457 27.879787450457 28.079787450457 28.279787450457 28.479787450457 28.679787450457 28.879787450457 29.079787450457 29.279787450457 29.479787450457 29.679787450457 29.879787450457 30.079787450457 30.279787450457 30.479787450457 30.679787450457 30.879787450457 31.079787450457 31.279787450457 31.479787450457 31.679787450457 31.879787450457 32.079787450457 32.279787450457 32.479787450457 32.679787450457 32.879787450457 33.079787450457 33.279787450457 33.479787450457 33.679787450457 33.879787450457 34.079787450457 34.279787450457 34.479787450457 34.679787450457 34.879787450457 35.079787450457 35.279787450457 35.479787450457 35.679787450457 35.879787450457 36.079787450457 36.279787450457 36.479787450457 36.679787450457 36.879787450457 37.079787450457 37.279787450457 37.479787450457 37.679787450457 37.879787450457 38.079787450457 38.279787450457 38.479787450457 38.679787450457 38.879787450457 39.079787450457 39.279787450457 39.479787450457 39.679787450457 39.879787450457 40.079787450457 40.279787450457 40.479787450457 40.679787450457 40.879787450457 41.079787450457 41.279787450457 41.479787450457 41.679787450457 41.879787450457 42.079787450457 42.279787450457 42.479787450457 42.680107450457 42.880107450457 43.080107450457 43.280107450457 43.480107450457 43.680107450457 43.880107450457 44.080107450457 44.280107450457 44.480107450457 44.680107450457 44.880107450457 45.080107450457 45.280107450457 45.480107450457 45.680107450457 45.880107450457 46.080107450457 46.280107450457 46.480107450457 46.680107450457 46.880107450457 47.080107450457 47.280107450457 47.480107450457 47.680107450457 47.880107450457 48.080107450457 48.280107450457 48.480107450457 48.680107450457 48.880107450457 49.080107450457 49.280107450457 49.480107450457 49.680107450457 49.880107450457 50.080107450457 50.280107450457 50.480107450457 50.680107450457 50.880107450457 51.080107450457 51.280107450457 51.480107450457 51.680107450457 51.880107450457 52.080107450457 52.280107450457 52.480107450457 52.680107450457 52.880107450457 53.080107450457 53.280107450457 53.480107450457 53.680107450457 53.880107450457 54.080107450457 54.280107450457 54.480107450457 54.680107450457 54.880107450457 55.080107450457 55.280107450457 55.480107450457 55.680107450457 55.880107450457 56.080107450457 56.280107450457 56.480107450457 56.680107450457 56.880107450457 57.080107450457 57.280107450457 57.480107450457 57.680107450457 57.880107450457 58.080107450457 58.280107450457 58.480107450457 58.680107450457 58.880107450457 59.080107450457 59.280107450457 59.480107450457 59.680107450457 59.880107450457 60.080107450457 60.280107450457 60.480107450457 60.680107450457 60.880107450457 61.080107450457 61.280107450457 61.480107450457 61.680107450457 61.880107450457 62.080107450457 62.280107450457 62.480107450457 62.680107450457 62.880107450457 63.080107450457 63.280107450457 63.480107450457 63.680107450457 63.880107450457 64.080107450457 64.280107450457 64.480107450457 64.680107450457 64.880107450457 65.080107450457 65.280107450457 65.480107450457 65.680107450457 65.880107450457 66.080107450457 66.280107450457 66.480107450457 66.680107450457 66.880107450457 67.080107450457 67.280107450457 67.480107450457 67.680107450457 67.880107450457 68.080107450457 68.280107450457 68.480107450457 68.680107450457 68.880107450457 69.080107450457 69.280107450457 69.480107450457 69.680107450457 69.880107450457 70.080107450457 70.280107450457 70.480107450457 70.680107450457 70.880107450457 71.080107450457 71.280107450457 71.480107450457 71.680107450457 71.880107450457 72.080107450457 72.280107450457 72.480107450457 72.680107450457 72.880107450457 73.080107450457 73.280107450457 73.480107450457 73.680107450457 73.880107450457 74.080107450457 74.280107450457 74.480107450457 74.680107450457 74.880107450457 75.080107450457 75.280107450457 75.480107450457 75.680107450457 75.880107450457 76.080107450457 76.280107450457 76.480107450457 76.680107450457 76.880107450457 77.080107450457 77.280107450457 77.480107450457 77.680107450457 77.880107450457 78.080107450457 78.280107450457 78.480107450457 78.680107450457 78.880107450457 79.080107450457 79.280107450457 79.480107450457 79.680107450457 79.880107450457 80.080107450457 80.280107450457 80.480107450457 80.680107450457 80.880107450457 81.080107450457 81.280107450457 81.480107450457 81.680107450457 81.880107450457 82.080107450457 82.280107450457 82.480107450457 82.680107450457","0.4002 0.910343961152 0.984750885347 0.99879046414 1.106468150993 1.111313617405 1.232593503407 1.244697097987 1.38959224932 1.491891606681 1.588075676615 1.739562860243 1.882010940555 2.046695026641 2.024342584437 2.218504117528 2.087012889535 2.255177275451 2.406817064956 2.541872430131 2.584982818369 2.617761698337 2.742494287006 2.877106030284 2.993162744994 3.143275544092 3.083450135507 3.10261320908 3.295244673533 3.454086873909 3.644970771297 3.740509520466 3.938466961626 4.0925421479 4.113793381556 3.998776388688 4.048197962824 4.233074877458 4.229043451664 4.224954230073 4.040432043159 4.176261125891 4.215737170185 4.254336962696 4.392444016733 4.518947574614 4.567293977215 4.653700083044 4.8411126421 4.913589871878 5.011446684443 5.124214564939 5.308741596889 5.431658131042 5.342216083243 5.400079615234 5.526296886058 5.715102269995 5.861545697972 5.997376227769 6.166648192554 6.346027864351 6.397202381776 6.463673363314 6.602765120996 6.778360271922 6.894326801361 7.079798998632 7.277902141712 7.438725060644 7.542586966737 7.726373317792 7.831673650075 8.006529456868 8.110574659131 8.2617189542 8.173927452072 8.141036114651 8.226522219181 8.366747611499 8.522195761994 8.627246303644 8.76979306297 8.737157956801 8.817547176855 9.007091054277 9.20087952523 9.050858156785 9.14096691003 9.235083496881 9.324023752312 9.50528114571 9.681660475102 9.83732007224 10.023517203397 10.084612934418 10.24671673799 10.353110582013 10.507900375991 10.668589120261 10.784146340908 10.980228025267 11.122495594186 11.221908493669 10.976458809051 10.857164144846 11.04640063403 11.140617992695 11.317187840817 11.416385916275 11.598794561732 11.262784526708 11.356910255199 11.469718669836 11.640510616509 11.787004148801 11.924209990702 12.059831890542 12.231804189694 12.334117782287 12.516805036672 12.67555491368 12.863859372701 12.951542542548 13.044735322833 13.206579738496 13.391708511571 13.441044978244 13.619156918593 13.520437929408 13.674436533634 13.765809595546 13.793776429774 13.992409971931 14.182195483779 14.284685290363 14.302703398435 14.39072196186 14.580618484329 14.423259647095 14.248356501137 14.237824371058 14.374590711418 14.503332352085 14.327139623635 14.521406930993 14.628559081303 14.768564392639 14.834139865424 15.032120852609 15.228123222703 15.369835383816 15.53659435972 15.347437347435 15.534631670904 15.690089724712 15.854972115774 15.989407487338 16.176768623695 16.26008127104 16.421811176154 16.409387456454 16.555899018878 16.505507840569 16.698878100421 16.874438555613 16.956519602906 17.073235251299 17.189625498102 17.189301445851 17.358459961841 17.487335168119 17.613259273074 17.564701037376 17.754836006534 17.700805555738 17.815015991631 18.006338943397 17.941413350529 18.108879308976 18.270523287566 18.4695832125 18.559498621491 18.574765856391 18.760632785035 18.856454719617 18.930461338606 18.946333091457 19.112167674754 19.281415902378 19.461180858521 19.610460846195 19.722147941999 19.841668202019 20.039636956139 20.221611730941 20.2450376237 20.398864534096 20.598393880047 20.782559729424 20.869296315227 20.984988012012 21.153515845927 21.231864980583 21.298989193208 21.464954519384 21.337440201613 21.480649786265 21.652047689014 21.711265248085 21.825425951302 21.974991570643 22.085332483564 22.058959125978 22.174037044822 22.27217117182 22.446929172531 22.424778482684 22.319550316996 22.405589520643 22.546327117898 22.686689178465 22.699343190479 22.515042532155 22.59481867543 22.782466010694 22.947163997367 23.001482141511 23.033389921056 23.180317671394 23.329815796619 23.417287594935 23.404337655328 23.575596607721 23.688543025088 23.850969140847 23.837486095849 23.701049050544 23.78311075718 23.894324616136 23.965133689256 24.057350200842 24.187770254752 24.311583477622 24.199036641856 24.372830917688 24.469551216623 24.619320136797 24.764180537784 24.867735181235 24.974494893194 25.110084422362 25.308146444227 25.444633672664 25.608740951077 25.682836599351 25.774904579485 25.940938106227 26.106678143757 26.258314575098 26.362077069521 26.423779148867 26.56778304186 26.557038281365 26.74248088352 26.931626173671 27.096203760446 27.286511484988 27.402122637729 27.558419836352 27.669046928521 27.788791729945 27.903383756381 28.099963414545 28.194062476007 28.046808928079 28.141223967213 28.302510957998 28.446049907886 28.621041758388 28.594178359119 28.778948996594 28.933131708198 29.122899646713 29.26565349157 29.051872515519 29.029381049796 29.199224458474 29.235134700681 29.358127014726 29.436425065192 29.57701771536 29.766456450997 29.955968267437 29.904040054429 30.060605488835 30.135344736344 30.271998474572 29.795459422578 29.81148614407 29.995299135399 29.960281406424 29.957690524714 30.153862233426 30.336129675911 30.465137883189 30.569541240797 30.751287380609 30.938069009648 30.987086664087 30.998693775428 30.998495125875 31.033823215742 31.180822927928 31.296634831755 31.481555730736 31.629268727727 31.825890049172 32.018722510741 31.813737826861 31.894193970233 32.047466713592 32.187036806407 32.332551093593 32.404517673212 32.599326417994 32.598049144373 32.752557959894 32.581561900704 32.779885124105 32.786227400356 32.959994469439 33.158816146247 33.214036738048 33.369411455996 33.280950280786 33.350020444384 33.411391309182 33.59256181166 33.751100557394 33.877487447395 34.010241395712 34.204654390423 34.363256498156 34.540942577346 34.7211596266 34.919290079558 35.100538184438 35.142696912227 35.280437177829 35.455086607315 35.447483501271 35.605117791135 35.516663362294 35.453441476039 35.559727604267 35.637847923933 35.747051521201 35.943815840736 35.990732718109 36.172736983954 36.303417007 36.406268791191 36.601100500611 36.715008136943 36.794911046289 36.967744239255 36.679830950456 36.607696124865 36.776599344368 36.881416373614 36.967756724088 37.091048758631 37.091331561882 37.202193704191 37.263225997813 37.332247460677 37.198454027292 37.361065377702 37.480267372362 37.629480860093 37.805605572808 37.982053115466 38.156893254155 38.336290049307 38.511604122427 38.422696563237 38.538398685696 38.603863942373 38.743696043721 38.876271586757 38.724823718703 38.899022442309 38.984908652023 39.155557886831 39.346642457831 39.540664361539 39.734857125327 39.877867368796 40.010955996427 40.173589016988 40.160722007535 40.24153619717 40.066866735787 40.219425106754 40.323281149597 40.503484376064 40.625286803976 40.629951954957 40.82299018785"
General-0-20220522-21:53:48-3180,vector,Network.queue1,,,,,"42.281753423165","1"
